(500) Data Density / Image Clutter,(436) Visual Encoding Clarity,(466) Semantics / Text Legibility,(496) Schema,"(530) Color, Symbol, and Texture Details",(337) Aesthetics Uncertainty,(552) Immediacy / Cognitive Load
(95) color,(71) color,(82) color,(71) color,(186) color,(33) color,(104) understand
(60) information,(53) shape,(42) word,(35) understand,(50) shape,(19) hard,(97) color
(50) lot,(45) line,(40) understand,(27) information,(45) understand,(17) understand,(52) information
(48) understand,(33) differ,(38) text,(26) shape,(43) differ,(14) differ,(48) hard
(45) detail,(30) understand,(37) information,(25) line,(40) information,(14) read,(45) easy
(42) line,(25) hard,(33) differ,(25) easy,(35) lot,(13) clear,(44) differ
(42) shape,(25) information,(33) line,(23) clear,(34) line,(13) information,(41) difficult
(41) differ,(21) read,(33) number,(22) number,(32) number,(13) line,(40) read
(37) datum,(20) size,(30) lot,(22) differ,(31) detail,(12) confuse,(38) line
(30) point,(20) detail,(30) shape,(21) graph,(28) hard,(10) shape,(34) shape
(30) number,(20) number,(27) axis,(21) detail,(28) text,(10) text,(34) clear
(27) hard,(20) easy,(25) label,(20) lot,(25) datum,(9) easy,(32) lot
(27) element,(19) clear,(25) easy,(19) point,(24) clear,(9) visual,(31) detail
(26) text,(19) point,(23) datum,(18) visual,(24) easy,(9) difficult,(30) datum
(22) easy,(18) lot,(22) clear,(18) familiar,(24) point,(9) number,(28) point
(22) word,(18) text,(22) read,(18) datum,(22) contrast,(9) point,(26) image
(20) small,(17) element,(21) legend,(17) hard,(21) difficult,(9) graph,(25) number
(20) difficult,(15) difficult,(20) small,(17) map,(20) element,(9) datum,(23) visual
(19) contrast,(14) dot,(20) hard,(16) axis,(20) word,(9) lot,(22) word
(18) read,(14) datum,(19) detail,(16) label,(19) read,(8) detail,(22) text
(17) visual,(13) word,(19) point,(16) text,(19) visual,(7) look,(20) time
(17) image,(13) axis,(17) element,(15) pattern,(18) size,(7) word,(18) know
(16) size,(12) small,(17) difficult,(15) difficult,(18) axis,(7) label,(17) confuse
(15) axis,(11) confuse,(14) size,(15) image,(17) small,(6) eye,(17) element
(14) multiple,(11) visual,(14) visual,(15) word,(16) complex,(6) contrast,(17) small
(14) dot,(10) complex,(13) title,(14) read,(15) confuse,(6) write,(16) label
(13) label,(10) image,(13) write,(12) chart,(14) dot,(5) intuitive,(16) simple
(13) clear,(9) sense,(12) map,(11) process,(14) image,(5) know,(16) process
(13) item,(9) legend,(12) graph,(11) element,(13) label,(5) multiple,(16) interpret
(13) data,(9) box,(11) confuse,(11) confuse,(13) shade,(5) element,(15) axis
(12) graph,(8) circle,(11) chart,(10) dot,(12) look,(5) small,(15) mean
(12) process,(8) contrast,(11) contrast,(10) legend,(12) legend,(5) need,(15) graph
(12) time,(8) multiple,(11) font,(10) simple,(12) map,(5) image,(14) complex
(12) confuse,(8) simple,(11) multiple,(10) small,(11) pattern,(4) discern,(14) easily
(12) legend,(8) follow,(10) key,(10) sense,(11) box,(4) choice,(13) sense
(11) chart,(8) label,(10) image,(9) easily,(11) mean,(4) time,(13) chart
(10) write,(7) graph,(9) familiar,(9) look,(11) multiple,(4) mean,(13) data
(9) variable,(7) item,(9) easily,(8) size,(11) represent,(4) simple,(12) size
(9) go,(7) bar,(9) dot,(8) discern,(11) process,(4) chart,(12) look
(9) box,(7) variation,(9) mean,(8) graphic,(10) chart,(4) circle,(12) multiple
(9) discern,(7) context,(9) know,(8) data,(10) circle,(4) similar,(12) need
(8) map,(7) know,(8) complex,(8) like,(10) black,(4) black,(11) dot
(8) simple,(7) process,(8) simple,(8) complex,(10) white,(4) info,(11) write
(8) complex,(7) scale,(8) data,(8) circle,(10) variable,(4) font,(11) long
(8) white,(6) data,(8) shade,(8) know,(9) font,(4) data,(11) map
(8) font,(6) represent,(8) variable,(7) context,(9) familiar,(4) random,(11) pattern
(8) long,(6) similar,(7) look,(7) represent,(9) similar,(4) easily,(10) similar
(8) circle,(6) complicated,(7) interpret,(7) bar,(9) variation,(4) axis,(10) glance
(8) overlap,(6) glance,(7) scale,(7) contrast,(9) item,(4) messy,(10) familiar
(8) high,(6) shade,(7) graphic,(7) value,(9) data,(3) use,(10) represent
(7) similar,(6) variable,(7) value,(7) multiple,(9) simple,(3) lack,(10) key
(7) need,(6) discern,(7) readable,(7) time,(9) graph,(3) key,(10) bar
(7) info,(6) chart,(7) description,(7) complicated,(8) know,(3) relate,(10) follow
(7) little,(5) map,(7) letter,(7) recognizable,(8) graphic,(3) item,(10) contrast
(7) shade,(5) show,(7) process,(6) mean,(8) time,(3) dark,(10) legend
(7) key,(5) pattern,(6) context,(6) interpret,(8) discern,(3) go,(10) item
(6) know,(5) long,(6) measure,(6) unfamiliar,(8) write,(3) pattern,(9) graphic
(6) mean,(5) familiar,(6) glance,(6) write,(8) lack,(3) glance,(9) lack
(6) look,(5) order,(6) discern,(6) code,(8) variety,(3) size,(9) discern
(6) graphic,(5) square,(6) pattern,(6) country,(8) key,(3) process,(9) go
(6) spread,(4) vary,(6) go,(6) glance,(7) follow,(3) mix,(9) font
(6) variety,(4) time,(6) show,(6) variable,(7) space,(3) high,(9) context
(6) structure,(4) graphic,(6) long,(6) long,(7) mix,(3) picture,(8) variable
(6) space,(4) curve,(6) time,(6) box,(7) scale,(3) separate,(8) idea
(6) clutter,(4) interpret,(6) sense,(6) variation,(7) long,(3) explanation,(8) show
(6) black,(4) font,(6) box,(6) similar,(6) scheme,(3) letter,(7) separate
(6) sense,(4) easily,(6) code,(6) title,(6) code,(3) convey,(7) variation
(6) scale,(4) look,(6) complicated,(6) follow,(6) structure,(3) structure,(7) eye
(6) title,(4) key,(6) recognizable,(5) structure,(6) need,(3) density,(7) shade
(6) code,(4) write,(6) similar,(5) show,(6) easily,(3) clutter,(7) circle
(6) figure,(4) like,(6) follow,(5) variety,(6) interpret,(3) design,(7) comprehend
(6) unfamiliar,(4) white,(5) item,(5) thing,(6) readable,(3) term,(7) make
(6) organic,(4) distribute,(5) need,(5) world,(6) separate,(3) clarity,(7) figure
(5) interpret,(4) variety,(5) circle,(5) abstract,(6) dark,(3) bad,(6) box
(5) context,(4) relate,(5) variation,(5) measure,(6) use,(2) dense,(6) way
(5) individual,(4) straightforward,(5) lack,(5) go,(6) layout,(2) layout,(6) present
(5) large,(4) structure,(5) represent,(5) grid,(6) glance,(2) scale,(6) info
(5) focus,(4) code,(5) bar,(5) overlap,(6) eye,(2) arbitrary,(6) identify
(5) green,(4) name,(5) explanation,(5) design,(6) design,(2) box,(6) clutter
(5) variation,(4) organic,(5) world,(5) area,(6) title,(2) variable,(6) complicated
(5) vary,(4) country,(5) mix,(4) scale,(5) complicated,(2) bar,(6) organic
(5) follow,(4) way,(5) overlap,(4) recognize,(5) info,(2) vary,(6) focus
(5) represent,(4) unfamiliar,(5) organic,(4) layer,(5) name,(2) dot,(6) readable
(5) use,(4) intersect,(5) choice,(4) draw,(5) blue,(2) legend,(6) variety
(5) intersect,(4) area,(5) structure,(4) table,(5) busy,(2) complex,(6) layout
(5) object,(4) straight,(5) density,(4) key,(5) choice,(2) connect,(6) overlap
(5) busy,(3) description,(5) large,(4) need,(5) sure,(2) differentiate,(6) like
(4) pattern,(3) spread,(5) idea,(4) shade,(5) square,(2) overlap,(6) code
(4) straight,(3) measure,(4) metric,(4) scheme,(5) organic,(2) decipher,(6) description
(4) easily,(3) figure,(4) dense,(4) relate,(5) description,(2) idea,(6) title
(4) familiar,(3) little,(4) curve,(4) distribute,(5) bar,(2) unfamiliar,(6) intuitive
(4) layout,(3) scheme,(4) separate,(4) description,(5) overlap,(2) value,(5) straightforward
(4) bar,(3) layout,(4) variety,(4) 3d,(5) little,(2) variation,(5) choice
(4) describe,(3) overlap,(4) picture,(4) straightforward,(5) green,(2) identify,(5) connect
(4) distinct,(3) connect,(4) busy,(4) eye,(5) thing,(2) readable,(5) world
(4) take,(3) indicate,(4) big,(4) lack,(5) area,(2) intersect,(5) convey
(4) red,(3) idea,(4) require,(4) clutter,(5) sense,(2) follow,(5) order
(4) scatter,(3) describe,(4) straightforward,(4) info,(5) measure,(2) pack,(5) square
(4) curve,(3) value,(4) intuitive,(4) focus,(5) context,(2) way,(5) country
(4) cross,(3) readable,(4) country,(4) layout,(4) way,(2) complicated,(5) structure
(4) dense,(3) clutter,(4) spread,(4) little,(4) red,(2) object,(5) high
(4) require,(3) make,(4) bit,(4) idea,(4) world,(2) large,(5) picture
(4) random,(3) info,(4) describe,(4) indicate,(4) convey,(2) measure,(5) mix
(4) lack,(3) individual,(4) quick,(4) organic,(4) indicate,(2) layer,(5) quick
(4) fine,(3) thing,(4) focus,(3) dark,(4) go,(2) busy,(5) describe
(4) dark,(3) cross,(4) sure,(3) square,(4) idea,(2) unique,(5) random
(4) area,(3) separate,(4) info,(3) use,(4) intuitive,(2) code,(5) decipher
(4) square,(3) quantity,(4) identify,(3) way,(4) take,(2) sense,(5) tell
(4) design,(3) term,(4) square,(3) intersect,(4) like,(2) space,(5) letter
(4) separate,(3) letter,(4) name,(3) identify,(4) country,(2) represent,(5) use
(4) picture,(3) involve,(4) clutter,(3) figure,(4) identify,(2) unclear,(5) require
(4) country,(3) layer,(4) present,(3) mix,(4) distribute,(2) figure,(4) not
(4) intuitive,(3) set,(4) use,(3) green,(4) straight,(2) interpret,(4) metric
(4) mix,(3) decipher,(4) thing,(3) individual,(4) describe,(2) map,(4) differentiate
(4) thing,(3) object,(3) layout,(3) symbol,(4) distinct,(2) visible,(4) analyze
(3) intense,(3) exact,(3) design,(3) require,(4) large,(2) curve,(4) scatter
(3) intricate,(3) region,(3) way,(3) object,(4) grid,(2) type,(4) fine
(3) glance,(3) certain,(3) orange,(3) decipher,(4) vary,(2) familiar,(4) layer
(3) quantity,(3) fine,(3) numerous,(3) cross,(4) range,(2) like,(4) little
(3) pack,(3) red,(3) relate,(3) fine,(4) clutter,(2) blurry,(4) spread
(3) link,(3) random,(3) pack,(3) see,(4) messy,(2) glean,(4) scheme
(3) idea,(3) go,(3) green,(3) unsure,(4) random,(2) give,(4) black
(3) multitude,(3) tell,(3) random,(3) curve,(3) show,(2) weird,(4) intersect
(3) readable,(3) quick,(3) individual,(3) dimension,(3) gradient,(2) gradient,(4) unfamiliar
(3) make,(3) mean,(3) cross,(3) white,(3) orange,(2) extra,(4) design
(3) way,(3) abstract,(3) distribute,(3) black,(3) darker,(2) feel,(4) thing
(3) background,(3) green,(3) link,(3) separate,(3) quantity,(2) concise,(4) sure
(3) term,(3) black,(3) give,(3) readable,(3) individual,(2) sound,(4) indicate
(3) significant,(3) lack,(3) order,(3) picture,(3) letter,(2) hurt,(4) name
(3) like,(3) precise,(3) distinct,(3) font,(3) recognizable,(2) feature,(4) messy
(3) aspect,(3) overall,(3) area,(3) network,(3) unfamiliar,(2) attention,(4) challenge
(3) stuff,(2) eye,(3) little,(3) intense,(3) figure,(2) arrangement,(4) curve
(3) description,(2) picture,(3) tell,(3) interest,(3) spread,(1) shade,(4) unclear
(3) scheme,(2) horizontal,(3) like,(3) overall,(3) high,(1) graphic,(4) take
(3) letter,(2) heat,(3) object,(3) metric,(3) value,(1) context,(4) large
(3) density,(2) distinct,(3) unclear,(3) orange,(3) term,(1) long,(4) explanation
(3) choice,(2) explanation,(3) vary,(3) give,(3) background,(1) title,(4) distinct
(3) identify,(2) grow,(3) differentiate,(2) pie,(3) order,(1) recognizable,(4) distinguish
(3) messy,(2) icon,(3) level,(2) non,(3) density,(1) comprehend,(4) cross
(3) draw,(2) movement,(3) term,(2) describe,(3) object,(1) description,(4) straight
(3) quick,(2) left,(3) exact,(2) logic,(3) decipher,(1) country,(4) bit
(3) volume,(2) mix,(2) sentence,(2) name,(3) unclear,(1) spread,(4) relate
(3) unclear,(2) choice,(2) factor,(2) big,(3) unique,(1) scheme,(3) measure
(3) distribute,(2) dark,(2) geometric,(2) large,(3) dimension,(1) unrelated,(3) set
(3) explanation,(2) identify,(2) concise,(2) define,(3) curve,(1) little,(3) dense
(3) involve,(2) length,(2) unfamiliar,(2) depth,(3) explanation,(1) order,(3) volume
(3) layer,(2) feature,(2) dark,(2) distinct,(3) distinguish,(1) organic,(3) 3d
(3) not,(2) non,(2) intersect,(2) distinguish,(3) collection,(1) square,(3) object
(3) relate,(2) intuitive,(2) make,(2) painting,(3) set,(1) focus,(3) close
(3) unique,(2) use,(2) crowded,(2) path,(3) straightforward,(1) straight,(3) involve
(3) decipher,(2) ambiguous,(2) 2d,(2) physical,(3) symbol,(1) area,(3) table
(3) big,(2) sound,(2) immediately,(2) make,(3) require,(1) symbol,(3) compare
(3) straightforward,(2) distinguish,(2) icon,(2) matrix,(3) quick,(1) bit,(3) scale
(3) bit,(2) need,(2) messy,(2) letter,(3) focus,(1) require,(3) value
(3) world,(2) blue,(2) connect,(2) straight,(3) connect,(1) cross,(3) term
(3) abstract,(2) world,(2) straight,(2) connect,(3) unsure,(1) distinguish,(3) see
(2) recognize,(2) thick,(2) take,(2) choice,(3) clarity,(1) distinct,(3) orange
(2) value,(2) undefined,(2) symbol,(2) sure,(3) 3d,(1) describe,(3) area
(2) eye,(2) format,(2) seismic,(2) earthquake,(3) big,(1) green,(3) dark
(2) 2d,(2) grid,(2) grid,(2) education,(3) not,(1) individual,(3) comprehension
(2) nuance,(2) large,(2) scheme,(2) left,(3) change,(1) scatter,(3) clarity
(2) vast,(2) not,(2) space,(2) earth,(3) tell,(1) not,(3) bad
(2) style,(2) change,(2) remember,(2) item,(3) abstract,(1) challenge,(3) able
(2) give,(2) close,(2) figure,(2) red,(3) recognize,(1) abstract,(3) arrow
(2) weird,(2) scatter,(2) high,(2) close,(3) involve,(1) world,(3) ascertain
(2) earth,(2) range,(2) eye,(2) scatter,(3) layer,(1) tell,(3) arbitrary
(2) extra,(2) recognize,(2) black,(2) range,(3) differentiate,(1) take,(3) noise
(2) interact,(2) require,(2) change,(2) icon,(3) dense,(1) straightforward,(3) give
(2) annotation,(2) busy,(2) not,(2) immediately,(3) draw,(1) arrow,(3) grid
(2) factor,(2) title,(2) type,(2) remember,(2) comprehend,(1) ascertain,(3) extra
(2) fact,(2) take,(2) challenge,(2) pretty,(2) uniform,(1) certain,(3) ease
(2) crowded,(2) year,(2) decipher,(2) continent,(2) glean,(1) collection,(3) evaluate
(2) continent,(2) geometric,(2) linear,(2) feature,(2) geometric,(1) see,(3) intricate
(2) show,(2) add,(2) unique,(2) quick,(2) crowded,(1) comprehension,(3) fast
(2) pleasing,(2) extra,(2) position,(2) tell,(2) continent,(1) metric,(3) linear
(2) place,(2) give,(2) abstract,(2) challenge,(2) attention,(1) analyze,(3) blue
(2) consider,(2) big,(2) plot,(2) unique,(2) 2d,(1) involve,(3) green
(2) path,(2) see,(2) blue,(2) blue,(2) vertical,(1) fine,(3) individual
(2) find,(2) numerous,(2) see,(2) spread,(2) arrangement,(1) recognize,(3) logic
(2) 3d,(2) position,(2) region,(2) space,(2) soft,(1) orange,(3) density
(2) tough,(2) orange,(2) comprehension,(2) arbitrary,(2) consider,(1) numerous,(3) busy
(2) tiny,(2) intense,(2) weird,(2) certain,(2) sentence,(1) pixel,(2) depth
(2) tell,(2) interest,(2) segment,(2) region,(2) stimulate,(1) overall,(2) impossible
(2) component,(2) evaluate,(2) interact,(2) second,(2) statistic,(1) link,(2) excessive
(2) see,(2) intricate,(2) layer,(2) chemical,(2) physical,(1) think,(2) allow
(2) proximity,(2) analyze,(2) consider,(2) seismic,(2) digest,(1) background,(2) irregular
(2) comprehension,(2) volume,(2) involve,(2) common,(2) style,(1) clean,(2) datapoint
(2) set,(2) dense,(2) continent,(2) cluster,(2) talk,(1) significant,(2) talk
(2) remember,(2) metric,(2) find,(2) sound,(2) bright,(1) stuff,(2) space
(2) blank,(2) comprehension,(2) recognize,(2) comprehension,(2) group,(1) wavelet,(2) recognizable
(2) ambiguous,(2) link,(2) scatter,(2) segment,(2) proximity,(1) writting,(2) dimension
(2) range,(2) clean,(2) close,(2) type,(2) pretty,(1) attractive,(2) type
(2) grow,(2) significant,(2) table,(2) not,(2) format,(1) able,(2) second
(2) indicate,(1) guide,(2) red,(2) high,(2) form,(1) abundance,(2) unique
(2) geometric,(1) struggle,(2) network,(2) content,(2) significant,(1) blank,(2) education
(2) name,(1) strip,(2) purpose,(2) multitude,(2) find,(1) vision,(2) certain
(2) order,(1) water,(2) select,(2) plot,(2) stuff,(1) geometric,(2) collection
(2) connect,(1) assortment,(2) background,(2) sentence,(2) bad,(1) year,(2) dificult
(2) geography,(1) team,(2) explanatory,(2) heat,(2) illusion,(1) vertical,(2) range
(2) impossible,(1) texture,(2) feature,(2) think,(2) icon,(1) add,(2) recognize
(2) education,(1) timeline,(2) chemical,(2) term,(2) visible,(1) vibrant,(2) common
(2) jumble,(1) traditional,(2) clarity,(2) darker,(2) ascertain,(1) bore,(2) think
(2) clarity,(1) bore,(2) column,(2) gradient,(2) arbitrary,(1) traditional,(2) path
(2) screen,(1) brand,(2) cluster,(2) background,(2) remember,(1) totally,(2) region
(2) few,(1) available,(2) bright,(2) level,(2) segment,(1) interact,(2) significant
(2) feature,(1) varation,(2) highlight,(2) explanatory,(2) grow,(1) exact,(2) stuff
(2) visible,(1) trend,(2) frequency,(2) exact,(2) region,(1) intricate,(2) geographic
(2) arrow,(1) wavelet,(2) formula,(2) evaluate,(2) impossible,(1) timeline,(2) visualise
(2) ascertain,(1) surroundingsfeel,(2) unsure,(2) link,(2) bit,(1) intense,(2) left
(2) cluster,(1) system,(2) format,(2) purpose,(2) relate,(1) consider,(2) attractive
(2) excessive,(1) sport,(2) sound,(2) linear,(2) picture,(1) tidy,(2) 2d
(2) comprehend,(1) spot,(2) heat,(2) intricate,(2) intersect,(1) component,(2) hurt
(2) complicated,(1) stack,(2) interest,(2) state,(2) make,(1) proximity,(2) vertical
(2) measure,(1) stage,(2) intense,(2) position,(2) matrix,(1) pretty,(2) vast
(2) heat,(1) star,(2) movement,(2) group,(2) movement,(1) impossible,(2) unsure
(2) entry,(1) story,(2) monochrome,(2) form,(2) pixel,(1) icon,(2) select
(2) position,(1) catch,(2) excessive,(2) find,(2) monochrome,(1) seismic,(2) position
(2) sound,(1) categorize,(2) num,(2) style,(2) pack,(1) heat,(2) sound
(2) orange,(1) category,(2) path,(2) undefined,(2) overall,(1) textual,(2) matrix
(2) datapoint,(1) strange,(2) attention,(2) blur,(2) multitude,(1) soft,(2) numerous
(2) num,(1) stretch,(2) unlabeled,(2) geography,(2) content,(1) statistic,(2) pixel
(2) plot,(1) writting,(2) annotation,(2) geometric,(2) non,(1) state,(2) heat
(2) stimulate,(1) abundance,(2) ambiguous,(2) geographic,(2) link,(1) flow,(2) pack
(2) content,(1) study,(1) varation,(2) 2d,(2) parameter,(1) find,(2) overall
(2) precise,(1) aspect,(1) vale,(2) work,(2) think,(1) bold,(2) multitude
(2) darker,(1) stuff,(1) additional,(2) weird,(2) annotation,(1) monochrome,(2) content
(2) network,(1) background,(1) bore,(1) brand,(2) heat,(1) nice,(2) precise
(2) arrangement,(1) think,(1) transport,(1) available,(2) give,(1) depth,(2) self
(2) distinguish,(1) purpose,(1) traditional,(1) vale,(2) weird,(1) excessive,(2) link
(2) close,(1) network,(1) comprehend,(1) vision,(2) define,(1) irregular,(2) instantly
(2) table,(1) multitude,(1) indicate,(1) abundance,(2) level,(1) datapoint,(2) arrangement
(2) change,(1) pack,(1) convey,(1) trend,(2) explanatory,(1) parameter,(2) feature
(2) type,(1) plot,(1) logic,(1) weight,(2) excessive,(1) painting,(2) add
(2) challenge,(1) differentiate,(1) distinguish,(1) wide,(2) sound,(1) calligraphy,(2) component
(1) team,(1) draw,(1) white,(1) wind,(2) feature,(1) instantly,(2) weird
(1) assimulate,(1) arbitrary,(1) set,(1) animal,(2) interest,(1) superposition,(2) sentence
(1) apart,(1) ascertain,(1) volume,(1) want,(2) feel,(1) factor,(2) clue
(1) upwards,(1) arrow,(1) draw,(1) water,(2) intense,(1) fact,(2) interact
(1) unrelated,(1) linear,(1) fine,(1) wavelet,(2) linear,(1) crowded,(2) annotation
(1) unlikely,(1) feel,(1) range,(1) upwards,(2) position,(1) pleasing,(2) explanatory
(1) wavelet,(1) explanatory,(1) clean,(1) star,(2) datapoint,(1) place,(2) statistic
(1) want,(1) level,(1) significant,(1) stand,(2) numerous,(1) frightening,(2) exact
(1) animal,(1) interact,(1) stuff,(1) stage,(2) tough,(1) wise,(2) pretty
(1) try,(1) weird,(1) bad,(1) stack,(2) tiny,(1) account,(2) interest
(1) trend,(1) unique,(1) aspect,(1) squint,(2) factor,(1) accessible,(2) learn
(1) writting,(1) challenge,(1) able,(1) squeeze,(2) bold,(1) yellow,(2) intense
(1) abundance,(1) type,(1) visible,(1) sport,(2) blurry,(1) strange,(2) remember
(1) virtually,(1) dimension,(1) arrow,(1) surroundingsfeel,(2) blur,(1) tax,(2) feel
(1) vibrant,(1) table,(1) ascertain,(1) surface,(2) fact,(1) apparent,(2) factor
(1) sure,(1) bit,(1) compare,(1) hide,(2) type,(1) annotation,(2) fact
(1) blue,(1) symbol,(1) intricate,(1) heatmap,(2) fine,(1) ambiguous,(2) gradient
(1) compare,(1) unclear,(1) overall,(1) harsh,(2) scatter,(1) education,(2) crowded
(1) region,(1) vertical,(1) multitude,(1) specie,(2) close,(1) length,(2) continent
(1) metric,(1) 2d,(1) content,(1) specialized,(2) cross,(1) left,(2) pleasing
(1) analyze,(1) geographic,(1) precise,(1) spatial,(1) writting,(1) digest,(2) digest
(1) differentiate,(1) glean,(1) darker,(1) sparse,(1) trend,(1) movement,(2) blur
(1) grid,(1) uniform,(1) glean,(1) formula,(1) try,(1) move,(2) consider
(1) convey,(1) blur,(1) geographic,(1) format,(1) calligraphy,(1) low,(2) glean
(1) present,(1) find,(1) year,(1) flow,(1) application,(1) longitudinal,(2) geometric
(1) bore,(1) form,(1) vertical,(1) tough,(1) varation,(1) light,(2) analysis
(1) think,(1) formula,(1) vast,(1) tiny,(1) brand,(1) leave,(2) move
(1) clean,(1) group,(1) add,(1) thick,(1) bore,(1) efffort,(2) monochrome
(1) bad,(1) high,(1) extra,(1) bold,(1) transport,(1) mess,(2) non
(1) attractive,(1) state,(1) ease,(1) blurry,(1) train,(1) mentally,(2) form
(1) able,(1) statistic,(1) evaluate,(1) uniform,(1) traditional,(1) effect,(2) ambiguous
(1) unsure,(1) stimulate,(1) statistic,(1) glean,(1) totally,(1) edge,(2) tiny
(1) recognizable,(1) clue,(1) state,(1) year,(1) timeline,(1) dull,(1) versus
(1) arbitrary,(1) sentence,(1) talk,(1) vertical,(1) tidier,(1) uncertainty,(1) vibrant
(1) linear,(1) simplistic,(1) group,(1) vast,(1) texture,(1) blend,(1) calligraphy
(1) noise,(1) soft,(1) form,(1) add,(1) team,(1) unable,(1) application
(1) numerous,(1) select,(1) flow,(1) thought,(1) uneven,(1) ugly,(1) apart
(1) pixel,(1) self,(1) tough,(1) texture,(1) caption,(1) unknown,(1) unrelated
(1) overall,(1) cluster,(1) tiny,(1) soft,(1) analyse,(1) gauge,(1) unreadable
(1) vertical,(1) column,(1) blur,(1) stimulate,(1) logic,(1) cue,(1) unlikely
(1) add,(1) chemical,(1) blank,(1) pack,(1) attractive,(1) jerusalem,(1) wavelet
(1) gradient,(1) screen,(1) uniform,(1) precise,(1) able,(1) isolate,(1) analyse
(1) level,(1) second,(1) grow,(1) quantity,(1) certain,(1) example,(1) tidier
(1) evaluate,(1) seismic,(1) second,(1) clean,(1) compare,(1) everybody,(1) thought
(1) exact,(1) impossible,(1) screen,(1) significant,(1) see,(1) multicolore,(1) texture
(1) interest,(1) rank,(1) self,(1) extra,(1) comprehension,(1) middle,(1) textual
(1) feel,(1) remember,(1) parameter,(1) interact,(1) present,(1) node,(1) uneven
(1) formula,(1) pretty,(1) painting,(1) feel,(1) animal,(1) depict,(1) careful
(1) format,(1) proximity,(1) instantly,(1) noise,(1) plot,(1) delineate,(1) caption
(1) form,(1) component,(1) few,(1) numerous,(1) precise,(1) distract,(1) study
(1) flow,(1) consider,(1) far,(1) statistic,(1) network,(1) disposition,(1) change
(1) thick,(1) place,(1) fact,(1) suppose,(1) clean,(1) discordant,(1) white
(1) bold,(1) pleasing,(1) component,(1) bright,(1) add,(1) direction,(1) big
(1) blur,(1) continent,(1) proximity,(1) frequency,(1) extra,(1) nasa,(1) abstract
(1) uniform,(1) fact,(1) pretty,(1) grow,(1) evaluate,(1) magnification,(1) assimulate
(1) glean,(1) factor,(1) unrelated,(1) impossible,(1) exact,(1) possible,(1) red
(1) year,(1) present,(1) earthquake,(1) illusion,(1) intricate,(1) report,(1) background
(1) icon,(1) focus,(1) earth,(1) clarity,(1) noise,(1) regularity,(1) clean
(1) seismic,(1) sure,(1) left,(1) able,(1) undefined,(1) regard,(1) aspect
(1) common,(1) density,(1) digest,(1) ascertain,(1) blank,(1) cramp,(1) visible
(1) column,(1) logic,(1) dificult,(1) compare,(1) geography,(1) cool,(1) plot
(1) horizontal,(1) convey,(1) unreadable,(1) set,(1) geographic,(1) poor,(1) darker
(1) select,(1) instantly,(1) move,(1) dense,(1) year,(1) pleasant,(1) network
(1) simplistic,(1) painting,(1) unlikely,(1) analyze,(1) vast,(1) concept,(1) purpose
(1) sentence,(1) parameter,(1) non,(1) involve,(1) simplistic,(1) part,(1) quantity
(1) statistic,(1) path,(1) nice,(1) screen,(1) state,(1) overwhelming,(1) draw
(1) group,(1) num,(1) define,(1) column,(1) suppose,(1) instance,(1) find
(1) far,(1) datapoint,(1) vague,(1) highlight,(1) frequency,(1) orient,(1) tough
(1) concise,(1) irregular,(1) datapoint,(1) self,(1) formula,(1) date,(1) thick
(1) rank,(1) depth,(1) axes,(1) select,(1) seismic,(1) dash,(1) undefined
(1) illusion,(1) monochrome,(1) nuance,(1) explanation,(1) second,(1) cut,(1) bold
(1) non,(1) digest,(1) want,(1) intuitive,(1) screen,(1) clueless,(1) blurry
(1) depth,(1) limited,(1) undersant,(1) convey,(1) chemical,(1) granularly,(1) blank
(1) define,(1) design,(1) ugly,(1) density,(1) common,(1) grab,(1) year
(1) pie,(1) space,(1) good,(1) vary,(1) column,(1) hole,(1) soft
(1) physical,(1) vibrant,(1) geo,(1) take,(1) cluster,(1) hierarchical,(1) stimulate
(1) parameter,(1) recognizable,(1) gauge,(1) busy,(1) horizontal,(1) consistent,(1) state
(1) painting,(1) jumble,(1) wise,(1) bit,(1) highlight,(1) resemble,(1) suppose
(1) instantly,(1) earth,(1) account,(1) random,(1) self,(1) chaotic,(1) group
(1) unlabeled,(1) education,(1) accessible,(1) far,(1) select,(1) realize,(1) frequency
(1) earthquake,(1) allow,(1) animal,(1) factor,(1) far,(1) growth,(1) formula
(1) limited,(1) unlabeled,(1) arrangement,(1) fact,(1) pleasing,(1) ineligible,(1) format
(1) length,(1) arrangement,(1) apparent,(1) crowded,(1) place,(1) important,(1) flow
(1) left,(1) accessible,(1) weight,(1) pleasing,(1) concise,(1) illogical,(1) rank
(1) digest,(1) account,(1) visualise,(1) consider,(1) component,(1) identical,(1) illusion
(1) dificult,(1) geo,(1) writting,(1) rank,(1) nice,(1) composition,(1) icon
(1) matrix,(1) geometry,(1) vibrant,(1) annotation,(1) depth,(1) quantitative,(1) seismic
(1) movement,(1) unknown,(1) education,(1) ambiguous,(1) num,(1) application,(1) segment
(1) move,(1) unable,(1) magnification,(1) limited,(1) nuance,(1) categorize,(1) screen
(1) monochrome,(1) undersant,(1) low,(1) length,(1) path,(1) stimulus,(1) chemical
(1) layman,(1) kind,(1) lotd,(1) messy,(1) painting,(1) star,(1) column
(1) knowledge,(1) easly,(1) longitudinal,(1) order,(1) instantly,(1) stage,(1) cluster
(1) undersant,(1) edge,(1) legible,(1) present,(1) account,(1) stack,(1) horizontal
(1) uncertainty,(1) effect,(1) leave,(1) comprehend,(1) accessible,(1) squint,(1) highlight
(1) begin,(1) interconnect,(1) effort,(1) digest,(1) yellow,(1) spot,(1) few
(1) basic,(1) africa,(1) mess,(1) nice,(1) unlabeled,(1) surroundingsfeel,(1) far
(1) unknown,(1) alphabetical,(1) mentally,(1) excessive,(1) analysis,(1) surface,(1) place
(1) geo,(1) amount,(1) africa,(1) num,(1) ambiguous,(1) specialized,(1) concise
(1) gauge,(1) location,(1) interconnect,(1) nuance,(1) education,(1) sort,(1) proximity
(1) wise,(1) longitudinal,(1) effect,(1) hurt,(1) earthquake,(1) solve,(1) movement
(1) account,(1) lotd,(1) edge,(1) instantly,(1) jumble,(1) cohesive,(1) nice
(1) accessible,(1) low,(1) easly,(1) few,(1) limited,(1) coefficients,(1) entry
(1) yellow,(1) magnification,(1) division,(1) dull,(1) left,(1) cod,(1) nuance
(1) attention,(1) multipe,(1) diverge,(1) diverge,(1) dificult,,(1) pie
(1) tree,(1) mute,(1) evenly,(1) knowledge,(1) dull,,(1) parameter
(1) apparent,(1) nature,(1) error,(1) kind,(1) layman,,(1) painting
(1) longitudinal,(1) match,(1) money,(1) kid,(1) knowledge,,(1) apparent
(1) lineage,(1) diffuse,(1) misunderstanding,(1) undersant,(1) kind,,(1) unlabeled
(1) leave,(1) dimensional,(1) middle,(1) blend,(1) undersant,,(1) earth
(1) effort,(1) directiopns,(1) method,(1) biology,(1) uncertainty,,(1) limited
(1) efffort,(1) disposition,(1) diagram,(1) basic,(1) blend,,(1) layman
(1) mess,(1) meeting,(1) delineate,(1) geo,(1) begin,,(1) knowledge
(1) mentally,(1) depict,(1) disposition,(1) gauge,(1) unable,,(1) kind
(1) ammount,(1) differnent,(1) discordant,(1) gather,(1) ugly,,(1) undersant
(1) africa,(1) node,(1) direction,(1) accessible,(1) good,,(1) blend
(1) intermingle,(1) middle,(1) dimensional,(1) attention,(1) geometry,,(1) biology
(1) interconnect,(1) misunderstanding,(1) mathematical,(1) apparent,(1) geo,,(1) unable
(1) effect,(1) money,(1) multipe,(1) unlabeled,(1) gauge,,(1) ugly
(1) edge,(1) equally,(1) job,(1) nasa,(1) frightening,,(1) geometry
(1) easly,(1) error,(1) main,(1) multivariate,(1) wise,,(1) geo
(1) division,(1) evenly,(1) instance,(1) multipe,(1) main,,(1) gauge
(1) diverge,(1) evne,(1) inscription,(1) job,(1) magnification,,(1) gather
(1) differnent,(1) isolate,(1) ink,(1) main,(1) low,,(1) wise
(1) diagram,(1) jerusalem,(1) factual,(1) magnification,(1) lotd,,(1) account
(1) depict,(1) extend,(1) necessary,(1) low,(1) longitudinal,,(1) accessible
(1) meeting,(1) extract,(1) orient,(1) lotd,(1) location,,(1) attention
(1) disposition,(1) pellet,(1) decode,(1) longitudinal,(1) light,,(1) low
(1) direction,(1) observation,(1) date,(1) location,(1) effort,,(1) lotd
(1) dimensional,(1) cube,(1) dataset,(1) lineage,(1) efffort,,(1) longitudinal
(1) diffuse,(1) cue,(1) dash,(1) effort,(1) ammount,,(1) legible
(1) mathematical,(1) dash,(1) ocean,(1) africa,(1) alphabetical,,(1) effort
(1) nature,(1) date,(1) pellet,(1) effect,(1) africa,,(1) efffort
(1) multipe,(1) decode,(1) jerusalem,(1) edge,(1) interconnect,,(1) mentally
(1) join,(1) decrease,(1) isolate,(1) easly,(1) effect,,(1) amount
(1) job,(1) necessary,(1) examination,(1) model,(1) edge,,(1) alphabetical
(1) magnification,(1) factual,(1) everybody,(1) misunderstanding,(1) easly,,(1) africa
(1) low,(1) fairly,(1) report,(1) middle,(1) node,,(1) intermingle
(1) lotd,(1) fall,(1) repeat,(1) method,(1) differnent,,(1) effect
(1) observation,(1) field,(1) regard,(1) message,(1) diagram,,(1) edge
(1) phylogenetic,(1) intently,(1) reduce,(1) novel,(1) denser,,(1) easly
(1) pellet,(1) overly,(1) cryptic,(1) differnent,(1) meeting,,(1) dull
(1) extract,(1) concept,(1) create,(1) depict,(1) distract,,(1) diverge
(1) extend,(1) copy,(1) cramp,(1) denser,(1) disposition,,(1) diagram
(1) jerusalem,(1) criterion,(1) cool,(1) delineate,(1) discordant,,(1) depict
(1) isolate,(1) crop,(1) poor,(1) meeting,(1) dimensional,,(1) meeting
(1) examination,(1) cryptic,(1) concept,(1) disposition,(1) diffuse,,(1) distract
(1) evolutionary,(1) oval,(1) part,(1) dimensional,(1) mathematical,,(1) disposition
(1) everybody,(1) relationship,(1) palette,(1) diffuse,(1) match,,(1) directiopns
(1) end,(1) report,(1) page,(1) match,(1) nature,,(1) direction
(1) negative,(1) possible,(1) pacific,(1) nature,(1) mute,,(1) diffuse
(1) money,(1) produce,(1) overwhelming,(1) date,(1) multipe,,(1) difficulty
(1) model,(1) proportion,(1) intently,(1) dash,(1) job,,(1) mathematical
(1) method,(1) purple,(1) representation,(1) cut,(1) observation,,(1) nature
(1) noisy,(1) quantitative,(1) realize,(1) cube,(1) pellet,,(1) nasa
(1) overwhelming,(1) compound,(1) ratio,(1) ocean,(1) jerusalem,,(1) mute
(1) hue,(1) identical,(1) contain,(1) observation,(1) isolate,,(1) join
(1) intently,(1) identificate,(1) ineligible,(1) phylogenetic,(1) example,,(1) job
(1) instance,(1) imagery,(1) imagery,(1) pellet,(1) everybody,,(1) magnification
(1) inscription,(1) imply,(1) illogical,(1) new,(1) end,,(1) new
(1) ink,(1) increase,(1) identificate,(1) jerusalem,(1) negative,,(1) extract
(1) fairly,(1) ineligible,(1) identical,(1) example,(1) multicolore,,(1) extend
(1) factual,(1) growth,(1) compound,(1) examination,(1) money,,(1) jerusalem
(1) orient,(1) realize,(1) composition,(1) evolutionary,(1) moment,,(1) isolate
(1) decode,(1) rectangular,(1) quantitative,(1) everybody,(1) model,,(1) example
(1) decipherable,(1) center,(1) purple,(1) evenly,(1) misunderstanding,,(1) examination
(1) date,(1) resemble,(1) provoke,(1) money,(1) middle,,(1) evne
(1) dataset,(1) row,(1) prominent,(1) countriesr,(1) message,,(1) everybody
(1) dash,(1) section,(1) possible,(1) copy,(1) noisy,,(1) equally
(1) cue,(1) consistent,(1) cod,(1) computer,(1) intently,,(1) multicolore
(1) cube,(1) hierarchy,(1) cluter,(1) palette,(1) instance,,(1) money
(1) possible,(1) hole,(1) clueless,(1) page,(1) inscription,,(1) moment
(1) report,(1) holisitic,(1) grab,(1) pacific,(1) ink,,(1) model
(1) regard,(1) granularly,(1) hole,(1) overly,(1) field,,(1) middle
(1) reduce,(1) clueless,(1) histogram,(1) hue,(1) fairly,,(1) message
(1) portray,(1) cluter,(1) hierarchy,(1) intently,(1) factual,,(1) field
(1) create,(1) cod,(1) hierarchical,(1) instance,(1) necessary,,(1) fairly
(1) cramp,(1) coefficients,(1) consistent,(1) inscription,(1) decrease,,(1) factual
(1) copy,(1) cohesive,(1) section,(1) ink,(1) date,,(1) necessary
(1) cool,(1) company,(1) scientific,(1) field,(1) dataset,,(1) orient
(1) poor,(1) circular,(1) row,(1) fall,(1) dash,,(1) decrease
(1) plethora,(1) short,(1) route,(1) factual,(1) cut,,(1) decode
(1) concept,(1) smooth,(1) rotation,(1) necessary,(1) cue,,(1) decipherable
(1) computer,(1) solve,(1) result,(1) quantitative,(1) cube,,(1) date
(1) part,(1) sort,(1) resemble,(1) purple,(1) odd,,(1) dash
(1) palette,(1) spatial,(1) start,(1) provoke,(1) reduce,,(1) cut
(1) page,(1) specialized,(1) star,(1) proportion,(1) overlay,,(1) cue
(1) result,(1) versus,(1) stand,(1) possible,(1) oval,,(1) cube
(1) resemble,(1) surface,(1) stack,(1) report,(1) portray,,(1) odd
(1) representation,(1) subset,(1) squeeze,(1) relationship,(1) cramp,,(1) pellet
(1) chaotic,(1) superposition,(1) sport,(1) regularity,(1) countriesr,,(1) deduce
(1) center,(1) fill,(1) surface,(1) register,(1) copy,,(1) cramp
(1) rectangular,(1) forbe,(1) heatmap,(1) reduce,(1) cool,,(1) countriesr
(1) ratio,(1) grasp,(1) guide,(1) overlay,(1) poor,,(1) cool
(1) contain,(1) wavy,(1) specialized,(1) oval,(1) plethora,,(1) poor
(1) growth,(1) brighter,(1) spatial,(1) portray,(1) pleasant,,(1) plethora
(1) ineligible,(1) capable,(1) sparse,(1) cryptic,(1) concept,,(1) pleasant
(1) immense,(1) caption,(1) solve,(1) criterion,(1) palette,,(1) concept
(1) imagery,(1) uneven,(1) short,(1) create,(1) page,,(1) part
(1) identical,(1) upwards,(1) company,(1) row,(1) overly,,(1) parse
(1) composition,(1) apart,(1) cohesive,(1) route,(1) hue,,(1) page
(1) quantitative,(1) appleale,(1) forbe,(1) round,(1) increase,,(1) overwhelming
(1) purple,(1) animal,(1) football,(1) resemble,(1) imply,,(1) overly
(1) coefficients,,(1) fill,(1) representation,(1) immense,,(1) hue
(1) cod,,(1) superposition,(1) receede,(1) imagery,,(1) intently
(1) cluter,,(1) summarize,(1) realize,(1) identical,,(1) instance
(1) clueless,,(1) subset,(1) ratio,(1) composition,,(1) ink
(1) granularly,,(1) subplot,(1) contain,(1) quantitative,,(1) composition
(1) holisitic,,(1) subjetc,(1) growth,(1) purple,,(1) quantitative
(1) hole,,(1) subject,(1) incredibly,(1) proportion,,(1) purple
(1) histogram,,(1) study,(1) important,(1) prominent,,(1) provoke
(1) hierarchy,,(1) strip,(1) imply,(1) possible,,(1) possible
(1) hierarchical,,(1) tax,(1) identificate,(1) report,,(1) report
(1) consistent,,(1) category,(1) identical,(1) relationship,,(1) repeat
(1) section,,(1) catch,(1) compound,(1) regularity,,(1) regularity
(1) scientific,,(1) carry,(1) solve,(1) register,,(1) regard
(1) school,,(1) stick,(1) short,(1) regard,,(1) reduce
(1) row,,(1) assortment,(1) cleaner,(1) histogram,,(1) overlay
(1) route,,(1) apart,(1) company,(1) section,,(1) oval
(1) sport,,(1) timeline,(1) cohesive,(1) sec,,(1) portray
(1) spiral,,(1) thought,(1) coefficients,(1) saturation,,(1) cryptic
(1) system,,(1) textual,(1) cod,(1) row,,(1) criterion
(1) surroundingsfeel,,(1) team,(1) clueless,(1) rotation,,(1) create
(1) surface,,(1) uneven,(1) granularly,(1) resemble,,(1) resemble
(1) harsh,,(1) careful,(1) horizon,(1) representation,,(1) representation
(1) specie,,(1) caption,(1) holisitic,(1) center,,(1) realize
(1) specialized,,(1) calligraphy,(1) hole,(1) rectangular,,(1) ratio
(1) spatial,,(1) bunch,(1) histogram,(1) receede,,(1) contain
(1) sparse,,(1) break,(1) hierarchy,(1) realize,,(1) growth
(1) solve,,(1) weather,(1) scientific,(1) ratio,,(1) ineligible
(1) single,,(1) wavy,(1) school,(1) contain,,(1) incredibly
(1) circular,,(1) great,(1) apart,(1) growth,,(1) increase
(1) completely,,(1) frame,(1) bore,(1) ineligible,,(1) imply
(1) company,,,(1) tree,(1) sparse,,(1) immense
(1) cohesive,,,(1) transport,(1) sort,,(1) imagery
(1) subset,,,(1) train,(1) solve,,(1) illogical
(1) uneven,,,(1) traditional,(1) single,,(1) identificate
(1) careful,,,(1) totally,(1) cleaner,,(1) identical
(1) break,,,(1) tidier,(1) circular,,(1) compound
(1) great,,,(1) subjetc,(1) completely,,(1) cod
(1) forbe,,,(1) study,(1) company,,(1) cluter
(1) fill,,,(1) stretch,(1) cohesive,,(1) clueless
(1) available,,,(1) strange,(1) coefficients,,(1) granularly
(1) transport,,,(1) category,(1) cod,,(1) holisitic
(1) train,,,(1) story,(1) cluter,,(1) hole
(1) traditional,,,(1) stick,(1) clueless,,(1) histogram
(1) timeline,,,(1) start,(1) grab,,(1) hierarchy
(1) dimension,,,(1) technical,(1) horizon,,(1) hierarchical
(1) texture,,,(1) team,(1) hole,,(1) consume
(1) textual,,,(1) careful,(1) stick,,(1) consistent
(1) superposition,,,(1) caption,(1) start,,(1) sec
(1) squeeze,,,(1) brighter,(1) star,,(1) school
(1) subplot,,,(1) break,(1) stand,,(1) row
(1) subject,,,(1) weather,(1) stage,,(1) route
(1) study,,,(1) great,(1) stack,,(1) rotation
(1) strange,,,(1) frame,(1) squint,,(1) system
(1) tax,,,(1) forbe,(1) sport,,(1) surroundingsfeel
(1) category,,,(1) football,(1) surroundingsfeel,,(1) surface
(1) carry,,,(1) superposition,(1) surface,,(1) hide
(1) story,,,(1) summarize,(1) hide,,(1) half
(1) stimulus,,,(1) subset,(1) harsh,,(1) guide
(1) stick,,,(1) application,(1) half,,(1) specialized
(1) start,,,(1) appleale,(1) guide,,(1) spatial
(1) star,,,,(1) specialized,,(1) sparse
(1) stage,,,,(1) spatial,,(1) sort
(1) stack,,,,(1) wide,,(1) solve
(1) assortment,,,,(1) assortment,,(1) short
,,,,(1) challenge,,(1) cleaner
,,,,(1) metric,,(1) comfortable
,,,,(1) volume,,(1) cohesive
,,,,(1) versus,,(1) coefficients
,,,,(1) vibrant,,(1) struggle
,,,,(1) virtually,,(1) stretch
,,,,(1) table,,(1) strange
,,,,(1) appleale,,(1) tax
,,,,(1) apart,,(1) category
,,,,(1) upwards,,(1) categorize
,,,,(1) unrelated,,(1) carry
,,,,(1) wavelet,,(1) story
,,,,(1) want,,(1) stick
,,,,(1) abundance,,(1) start
,,,,(1) carry,,(1) star
,,,,(1) brighter,,(1) stage
,,,,(1) great,,(1) stack
,,,,(1) grasp,,(1) squint
,,,,(1) forbe,,(1) squeeze
,,,,(1) fill,,(1) spot
,,,,(1) superposition,,(1) virtually
,,,,(1) summarize,,(1) timeline
,,,,(1) subset,,(1) totally
,,,,(1) study,,(1) traditional
,,,,(1) strip,,(1) train
,,,,(1) stretch,,(1) bore
,,,,(1) category,,(1) available
,,,,(1) categorize,,(1) symbol
,,,,(1) catch,,(1) distribute
,,,,(1) bunch,,(1) varation
,,,,,,(1) wide
,,,,,,(1) try
,,,,,,(1) accurate
,,,,,,(1) writting
,,,,,,(1) abundance
,,,,,,(1) capable
,,,,,,(1) vary
,,,,,,(1) bunch
,,,,,,(1) brighter
,,,,,,(1) break
,,,,,,(1) wavy
,,,,,,(1) great
,,,,,,(1) grasp
,,,,,,(1) forward
,,,,,,(1) football
,,,,,,(1) fill
,,,,,,(1) superposition
,,,,,,(1) summarize
,,,,,,(1) subset
,,,,,,(1) subplot
,,,,,,(1) subjetc
,,,,,,(1) vision
