(234) Area,(126) Bar,(166) Cont.-ColorPatn,(191) Glyph,(187) Grid,(154) Line,(225) Node-link,(189) Point,(130) Text
(31) color,(18) color,(28) color,(19) color,(28) color,(16) line,(22) color,(18) color,(23) word
(15) understand,(13) understand,(7) understand,(18) shape,(14) understand,(14) color,(18) line,(14) shape,(15) color
(13) easy,(7) lot,(6) information,(15) understand,(13) information,(11) understand,(15) information,(13) information,(10) understand
(11) differ,(7) bar,(6) shape,(7) differ,(11) lot,(10) number,(12) understand,(10) point,(7) information
(10) read,(6) easy,(6) hard,(7) pattern,(9) differ,(7) graph,(11) differ,(10) datum,(7) size
(9) lot,(6) datum,(5) datum,(6) difficult,(8) shape,(7) hard,(10) image,(9) line,(6) hard
(9) map,(6) read,(5) visual,(6) line,(8) datum,(6) easy,(9) lot,(9) clear,(6) difficult
(9) number,(5) detail,(5) know,(6) visual,(8) contrast,(6) point,(9) difficult,(8) lot,(6) text
(9) detail,(5) clear,(5) detail,(5) datum,(8) text,(6) information,(8) point,(8) easy,(6) read
(8) information,(5) graph,(5) difficult,(4) clear,(7) detail,(6) read,(8) clear,(8) axis,(6) differ
(8) datum,(5) information,(5) eye,(4) information,(7) need,(5) axis,(8) hard,(7) understand,(5) shape
(7) small,(4) element,(4) complex,(4) legend,(6) label,(4) differ,(7) dot,(7) hard,(5) font
(6) shape,(4) line,(4) point,(4) detail,(6) point,(4) text,(7) number,(7) dot,(4) graph
(6) text,(4) hard,(4) axis,(4) multiple,(6) number,(3) shape,(6) word,(7) data,(4) lot
(6) familiar,(4) complex,(4) discern,(4) familiar,(6) image,(3) difficult,(6) element,(6) detail,(3) clear
(6) difficult,(4) differ,(4) separate,(4) like,(6) multiple,(3) detail,(6) read,(6) number,(3) small
(5) size,(3) visual,(3) map,(3) know,(5) look,(3) datum,(6) detail,(6) element,(3) line
(5) legend,(3) label,(3) lot,(3) number,(4) visual,(3) clear,(6) connect,(6) small,(3) easy
(5) time,(3) interpret,(3) pattern,(3) point,(4) hard,(3) high,(5) shape,(6) differ,(3) easily
(5) clear,(3) need,(3) clear,(3) dot,(4) confuse,(3) choice,(5) pattern,(6) text,(3) mean
(5) simple,(3) simple,(3) image,(3) read,(4) easy,(3) scale,(5) text,(5) image,(3) complex
(5) process,(3) text,(3) differ,(3) element,(4) similar,(3) variation,(5) follow,(5) label,(3) detail
(5) axis,(3) require,(3) represent,(3) image,(4) variable,(3) circle,(4) label,(5) interpret,(3) design
(5) key,(2) axis,(3) lack,(3) graphic,(4) word,(3) chart,(4) contrast,(5) legend,(3) letter
(5) glance,(2) mean,(3) white,(3) confuse,(4) axis,(3) familiar,(4) easy,(5) contrast,(2) graphic
(4) hard,(2) chart,(2) small,(3) easily,(4) square,(3) time,(4) small,(4) time,(2) number
(4) image,(2) difficult,(2) process,(3) item,(4) high,(2) country,(4) process,(4) graph,(2) familiar
(4) chart,(2) word,(2) measure,(3) lot,(3) shade,(2) intersect,(3) time,(4) circle,(2) map
(4) confuse,(2) number,(2) idea,(3) hard,(3) key,(2) data,(3) box,(4) sense,(2) go
(4) complex,(2) easily,(2) variety,(2) size,(3) black,(2) self,(3) mean,(4) clutter,(2) show
(4) visual,(2) title,(2) item,(2) text,(3) box,(2) plot,(3) size,(4) picture,(2) title
(4) shade,(2) represent,(2) scale,(2) shade,(3) write,(2) explanatory,(3) visual,(3) title,(2) element
(4) know,(2) mix,(2) legend,(2) white,(3) small,(2) element,(3) datum,(3) variable,(2) confuse
(4) point,(2) value,(2) element,(2) context,(3) time,(2) size,(3) overlap,(3) visual,(2) chart
(4) graphic,(2) lack,(2) label,(2) black,(3) size,(2) title,(3) layout,(3) word,(2) variety
(4) readable,(2) show,(2) line,(2) box,(3) variety,(2) discern,(3) intersect,(3) go,(2) readable
(4) figure,(2) circle,(2) easy,(2) show,(3) stuff,(2) eye,(3) sense,(3) context,(2) scheme
(4) world,(2) confuse,(2) number,(2) write,(3) organic,(2) follow,(3) interpret,(3) overlap,(2) write
(3) multiple,(2) data,(2) indicate,(2) look,(3) grid,(2) variable,(3) like,(3) measure,(2) comprehend
(3) interpret,(2) comprehend,(2) 3d,(2) go,(3) read,(2) confuse,(3) bit,(3) know,(2) item
(3) element,(2) horizontal,(2) suppose,(2) mean,(3) way,(2) sense,(3) cross,(3) simple,(2) glance
(3) easily,(2) dense,(2) blurry,(2) symbol,(2) font,(2) represent,(3) network,(2) lack,(2) quick
(3) long,(2) vary,(2) weird,(2) random,(2) line,(2) formula,(3) object,(2) complex,(2) frequency
(3) thing,(2) point,(2) gradient,(2) blue,(2) easily,(2) metric,(2) picture,(2) difficult,(1) simple
(3) description,(2) description,(2) exact,(2) square,(2) mean,(2) bad,(2) white,(2) read,(1) look
(3) country,(1) time,(2) pixel,(2) recognizable,(2) bar,(1) complex,(2) mix,(2) look,(1) process
(3) identify,(1) key,(2) structure,(2) move,(2) code,(1) word,(2) structure,(2) font,(1) visual
(3) look,(1) shade,(2) convey,(2) undefined,(2) density,(1) lot,(2) axis,(2) key,(1) value
(3) recognize,(1) item,(2) info,(2) range,(2) use,(1) label,(2) confuse,(2) discern,(1) label
(3) word,(1) write,(2) context,(2) certain,(2) space,(1) small,(2) long,(2) familiar,(1) point
(3) layer,(1) process,(2) dark,(2) draw,(2) intuitive,(1) legend,(2) shade,(2) intuitive,(1) intuitive
(2) density,(1) graphic,(1) text,(2) overall,(2) figure,(1) show,(2) spread,(2) area,(1) mix
(2) info,(1) long,(1) read,(2) intense,(2) element,(1) glance,(2) space,(2) unfamiliar,(1) variation
(2) dot,(1) box,(1) word,(2) interact,(2) clear,(1) simple,(2) area,(2) follow,(1) space
(2) label,(1) black,(1) look,(2) think,(2) graph,(1) easily,(2) sure,(2) separate,(1) code
(2) area,(1) context,(1) easily,(2) order,(2) item,(1) mean,(2) make,(2) spread,(1) structure
(2) line,(1) legend,(1) mean,(2) distribute,(2) chart,(1) graphic,(2) info,(2) layout,(1) spread
(2) contrast,(1) dot,(1) multiple,(2) little,(2) process,(1) key,(2) write,(2) graphic,(1) recognizable
(2) mix,(1) size,(1) chart,(1) time,(2) legend,(1) readable,(2) know,(2) item,(1) use
(2) idea,(1) image,(1) graph,(1) graph,(2) unique,(1) picture,(2) black,(2) pattern,(1) present
(2) similar,(1) shape,(1) size,(1) easy,(2) consider,(1) lack,(2) red,(2) process,(1) dark
(2) scale,(1) contrast,(1) contrast,(1) complex,(2) factor,(1) separate,(2) discern,(2) scatter,(1) sure
(2) explanation,(1) country,(1) graphic,(1) contrast,(2) blank,(1) design,(2) show,(2) collection,(1) organic
(2) large,(1) little,(1) variation,(1) figure,(2) component,(1) scheme,(2) simple,(2) earth,(1) order
(2) clutter,(1) design,(1) need,(1) design,(2) blue,(1) measure,(2) chart,(2) excessive,(1) circle
(2) use,(1) idea,(1) long,(1) overlap,(2) unclear,(1) idea,(2) logic,(2) crowded,(1) separate
(2) structure,(1) white,(1) glance,(1) mix,(2) white,(1) description,(2) num,(2) annotation,(1) name
(2) complicated,(1) scale,(1) variable,(1) idea,(1) complex,(1) complicated,(2) analyze,(2) aspect,(1) messy
(2) recognizable,(1) clutter,(1) sense,(1) variation,(1) simple,(1) thing,(2) feel,(2) indicate,(1) indicate
(2) comprehend,(1) present,(1) bar,(1) picture,(1) interpret,(1) use,(2) path,(2) unique,(1) density
(2) font,(1) focus,(1) scheme,(1) similar,(1) dot,(1) way,(2) significant,(2) challenge,(1) relate
(2) variable,(1) sure,(1) space,(1) long,(1) difficult,(1) make,(2) intricate,(2) random,(1) bit
(2) value,(1) individual,(1) value,(1) map,(1) sense,(1) unfamiliar,(2) arbitrary,(2) choice,(1) busy
(2) variation,(1) name,(1) design,(1) interpret,(1) represent,(1) value,(2) type,(1) multiple,(1) green
(2) straight,(1) describe,(1) similar,(1) data,(1) data,(1) straight,(2) big,(1) chart,(1) unclear
(2) code,(1) distinct,(1) way,(1) circle,(1) like,(1) messy,(1) lack,(1) size,(1) big
(2) geographic,(1) straight,(1) letter,(1) represent,(1) scale,(1) name,(1) easily,(1) mean,(1) change
(2) bright,(1) letter,(1) present,(1) sense,(1) long,(1) convey,(1) data,(1) show,(1) recognize
(2) draw,(1) busy,(1) unfamiliar,(1) title,(1) go,(1) large,(1) look,(1) glance,(1) volume
(2) region,(1) relate,(1) identify,(1) label,(1) title,(1) describe,(1) eye,(1) long,(1) arbitrary
(2) clean,(1) unclear,(1) focus,(1) dark,(1) little,(1) distinguish,(1) variation,(1) bar,(1) ascertain
(2) table,(1) blue,(1) sure,(1) unfamiliar,(1) idea,(1) cross,(1) scheme,(1) represent,(1) vary
(2) quick,(1) object,(1) order,(1) intersect,(1) lack,(1) relate,(1) similar,(1) write,(1) visible
(2) take,(1) decipher,(1) organic,(1) way,(1) dark,(1) symbol,(1) glance,(1) map,(1) purpose
(2) physical,(1) dimension,(1) individual,(1) green,(1) make,(1) bar,(1) context,(1) country,(1) content
(2) pie,(1) unique,(1) recognizable,(1) identify,(1) complicated,(1) context,(1) go,(1) identify,(1) link
(2) grow,(1) change,(1) distinct,(1) messy,(1) recognizable,(1) know,(1) key,(1) make,(1) linear
(2) continent,(1) close,(1) distinguish,(1) cross,(1) layout,(1) process,(1) title,(1) code,(1) fast
(2) style,(1) set,(1) straightforward,(1) present,(1) picture,(1) long,(1) scale,(1) scheme,(1) ease
(2) soft,(1) region,(1) require,(1) make,(1) spread,(1) multiple,(1) map,(1) little,(1) position
(2) orange,(1) compare,(1) take,(1) spread,(1) letter,(1) table,(1) multiple,(1) present,(1) extra
(2) multitude,(1) purpose,(1) tell,(1) measure,(1) green,(1) not,(1) familiar,(1) complicated,(1) vertical
(2) range,(1) content,(1) abstract,(1) letter,(1) messy,(1) curve,(1) graph,(1) thing,(1) geometric
(2) decipher,(1) use,(1) dimension,(1) convey,(1) focus,(1) type,(1) complex,(1) logic,(1) uniform
(2) distribute,(1) pack,(1) curve,(1) thing,(1) unfamiliar,(1) vary,(1) legend,(1) name,(1) simplistic
(2) write,(1) numerous,(1) change,(1) unclear,(1) symbol,(1) straightforward,(1) represent,(1) order,(1) select
(2) represent,(1) 2d,(1) black,(1) abstract,(1) explanation,(1) see,(1) item,(1) focus,(1) heat
(2) circle,(1) work,(1) box,(1) tell,(1) describe,(1) think,(1) name,(1) straight,(1) highlight
(1) sense,(1) year,(1) go,(1) straightforward,(1) large,(1) precise,(1) messy,(1) info,(1) column
(1) go,(1) group,(1) circle,(1) quick,(1) tell,(1) quantity,(1) order,(1) grid,(1) screen
(1) graph,(1) statistic,(1) data,(1) explanation,(1) take,(1) numerous,(1) focus,(1) large,(1) immediately
(1) pattern,(1) second,(1) shade,(1) distinct,(1) busy,(1) pixel,(1) straight,(1) bit,(1) define
(1) mean,(1) segment,(1) clarity,(1) object,(1) decipher,(1) exact,(1) comprehend,(1) describe,(1) monochrome
(1) variety,(1) few,(1) visible,(1) involve,(1) not,(1) evaluate,(1) complicated,(1) world,(1) ugly
(1) black,(1) learn,(1) arrow,(1) fine,(1) table,(1) involve,(1) present,(1) busy,(1) division
(1) follow,(1) length,(1) unsure,(1) layer,(1) scatter,(1) close,(1) description,(1) abstract,(1) edge
(1) individual,(1) analysis,(1) collection,(1) differentiate,(1) distinguish,(1) give,(1) thing,(1) decipher,(1) effect
(1) green,(1) visualise,(1) close,(1) not,(1) fine,(1) level,(1) separate,(1) green,(1) intermingle
(1) logic,(1) gather,(1) noise,(1) close,(1) volume,(1) format,(1) readable,(1) individual,(1) longitudinal
(1) convey,(1) unknown,(1) quantity,(1) challenge,(1) comprehension,(1) glean,(1) intuitive,(1) type,(1) magnification
(1) organic,(1) message,(1) extra,(1) 3d,(1) dense,(1) clue,(1) little,(1) big,(1) main
(1) choice,(1) evne,(1) feel,(1) ascertain,(1) visible,(1) sentence,(1) code,(1) red,(1) example
(1) focus,(1) extend,(1) uniform,(1) comprehension,(1) attractive,(1) seismic,(1) distribute,(1) dimension,(1) cut
(1) sure,(1) orient,(1) give,(1) set,(1) aspect,(1) icon,(1) tell,(1) involve,(1) date
(1) dark,(1) concept,(1) blur,(1) volume,(1) clarity,(1) rank,(1) take,(1) differentiate,(1) countriesr
(1) little,(1) crop,(1) tough,(1) background,(1) background,(1) pretty,(1) busy,(1) analyze,(1) regularity
(1) layout,(1) produce,(1) find,(1) arrow,(1) term,(1) fact,(1) straightforward,(1) fine,(1) quantitative
(1) intuitive,(1) prominent,(1) term,(1) clean,(1) overall,(1) few,(1) relate,(1) volume,(1) illogical
(1) scheme,(1) provoke,(1) form,(1) able,(1) pack,(1) hurt,(1) require,(1) metric,(1) rotation
(1) way,(1) incredibly,(1) stimulate,(1) darker,(1) readable,(1) datapoint,(1) 3d,(1) set,(1) consistent
(1) present,(1) contain,(1) heat,(1) quantity,(1) eye,(1) entry,(1) abstract,(1) figure,(1) cluter
(1) overlap,(1) grasp,(1) seismic,(1) term,(1) value,(1) nice,(1) not,(1) design,(1) squeeze
(1) box,(1) thought,(1) illusion,(1) precise,(1) separate,(1) movement,(1) curve,(1) high,(1) football
(1) need,(1) timeline,(1) pretty,(1) orange,(1) vast,(1) limited,(1) challenge,(1) variety,(1) bunch
(1) discern,(1) versus,(1) fact,(1) interest,(1) weird,(1) earthquake,(1) grid,(1) readable,(1) calligraphy
(1) show,(1) vibrant,(1) far,(1) complicated,(1) ease,(1) education,(1) explanation,(1) unsure,(1) tidy
(1) title,,(1) feature,(1) space,(1) position,(1) good,(1) distinct,(1) certain,(1) totally
(1) item,,(1) depth,(1) level,(1) tiny,(1) nasa,(1) distinguish,(1) compare,(1) weight
(1) change,,(1) matrix,(1) evaluate,(1) blur,(1) mathematical,(1) random,(1) see,(1) unreadable
(1) curve,,(1) left,(1) gradient,(1) bold,(1) diagram,(1) unsure,(1) dense,(1) application
(1) metric,,(1) education,(1) extra,(1) thick,(1) misunderstanding,(1) differentiate,(1) able,
(1) analyze,,(1) analysis,(1) thick,(1) illusion,(1) error,(1) fine,(1) attractive,
(1) dimension,,(1) unlabeled,(1) find,(1) column,(1) decrease,(1) involve,(1) bad,
(1) abstract,,(1) begin,(1) flow,(1) state,(1) necessary,(1) scatter,(1) position,
(1) tell,,(1) blend,(1) add,(1) impossible,(1) fairly,(1) link,(1) linear,
(1) vary,,(1) dull,(1) sound,(1) concise,(1) plethora,(1) attractive,(1) fast,
(1) relate,,(1) light,(1) cluster,(1) place,(1) cryptic,(1) darker,(1) intricate,
(1) red,,(1) model,(1) screen,(1) hurt,(1) identificate,(1) numerous,(1) clarity,
(1) background,,(1) end,(1) rank,(1) parameter,(1) increase,(1) multitude,(1) precise,
(1) significant,,(1) extract,(1) proximity,(1) nuance,(1) result,(1) fast,(1) plot,
(1) ascertain,,(1) field,(1) place,(1) jumble,(1) school,(1) noise,(1) noise,
(1) compare,,(1) hue,(1) pleasing,(1) earthquake,(1) consume,(1) interest,(1) talk,
(1) comprehension,,(1) portray,(1) stimulate,(1) arrangement,(1) short,(1) level,(1) geography,
(1) see,,(1) overlay,(1) far,(1) attention,(1) smooth,(1) interact,(1) add,
(1) content,,(1) register,(1) irregular,(1) account,(1) carry,(1) arrow,(1) evaluate,
(1) purpose,,(1) possible,(1) matrix,(1) biology,(1) catch,(1) vast,(1) remember,
(1) linear,,(1) identical,(1) dificult,(1) layman,(1) strip,(1) vertical,(1) sentence,
(1) intense,,(1) rectangular,(1) learn,(1) mentally,(1) struggle,(1) geometric,(1) second,
(1) explanatory,,(1) resemble,(1) limited,(1) efffort,(1) subjetc,(1) 2d,(1) chemical,
(1) interest,,(1) clueless,(1) unlabeled,(1) mute,(1) forward,(1) group,(1) nuance,
(1) ease,,(1) cod,(1) apparent,(1) difficulty,(1) caption,(1) talk,(1) parameter,
(1) darker,,(1) completely,(1) arrangement,(1) discordant,(1) additional,(1) select,(1) concise,
(1) pack,,(1) circular,(1) yellow,(1) noisy,(1) vision,(1) flow,(1) non,
(1) link,,(1) single,(1) geometry,(1) middle,(1) axes,(1) cluster,(1) left,
(1) geography,,(1) specialized,(1) unable,(1) moment,,(1) common,(1) digest,
(1) year,,(1) heatmap,(1) uncertainty,(1) negative,,(1) impossible,(1) allow,
(1) give,,(1) surface,(1) kid,(1) isolate,,(1) chemical,(1) ambiguous,
(1) glean,,(1) squint,(1) kind,(1) decipherable,,(1) proximity,(1) wise,
(1) tough,,(1) stand,(1) alphabetical,(1) ink,,(1) pleasing,(1) basic,
(1) tiny,,(1) stimulus,(1) location,(1) intently,,(1) instantly,(1) ammount,
(1) format,,(1) wavy,(1) join,(1) overwhelming,,(1) individual,(1) amount,
(1) bold,,(1) weather,(1) direction,(1) page,,(1) painting,(1) legible,
(1) form,,(1) train,(1) delineate,(1) palette,,(1) datapoint,(1) dimensional,
(1) statistic,,(1) trend,(1) novel,(1) cool,,(1) irregular,(1) directiopns,
(1) sound,,(1) wide,(1) money,(1) copy,,(1) entry,(1) multicolore,
(1) highlight,,(1) upwards,(1) evenly,(1) cramp,,(1) depth,(1) equally,
(1) straightforward,,,(1) pellet,(1) purple,,(1) non,(1) ocean,
(1) distinct,,,(1) odd,(1) imagery,,(1) monochrome,(1) dataset,
(1) distinguish,,,(1) cube,(1) immense,,(1) movement,(1) decode,
(1) describe,,,(1) cue,(1) ineligible,,(1) jumble,(1) factual,
(1) immediately,,,(1) dash,(1) realize,,(1) visualise,(1) inscription,
(1) icon,,,(1) part,(1) row,,(1) apparent,(1) pacific,
(1) segment,,,(1) computer,(1) saturation,,(1) diverge,(1) poor,
(1) common,,,(1) criterion,(1) hierarchical,,(1) interconnect,(1) regard,
(1) feature,,,(1) oval,(1) histogram,,(1) mess,(1) composition,
(1) remember,,,(1) imply,(1) grab,,(1) leave,(1) compound,
(1) painting,,,(1) holisitic,(1) half,,(1) lineage,(1) important,
(1) instantly,,,(1) solve,(1) tax,,(1) multipe,(1) sec,
(1) define,,,(1) sort,(1) study,,(1) nature,(1) hierarchy,
(1) dificult,,,(1) hide,(1) subject,,(1) diffuse,(1) start,
(1) digest,,,(1) system,(1) fill,,(1) meeting,(1) story,
(1) allow,,,(1) spiral,(1) break,,(1) denser,(1) subplot,
(1) ambiguous,,,(1) spot,(1) uneven,,(1) depict,(1) subset,
(1) attention,,,(1) categorize,(1) technical,,(1) node,(1) capable,
(1) accessible,,,(1) stretch,(1) textual,,(1) method,(1) transport,
(1) frightening,,,(1) texture,(1) virtually,,(1) evolutionary,(1) accurate,
(1) gauge,,,(1) available,(1) writting,,(1) examination,(1) animal,
(1) geo,,,(1) wind,,,(1) new,(1) unlikely,
(1) undersant,,,(1) want,,,(1) deduce,(1) unrelated,
(1) knowledge,,,(1) vague,,,(1) phylogenetic,,
(1) easly,,,(1) assimulate,,,(1) fall,,
(1) africa,,,,,,(1) overly,,
(1) effort,,,,,,(1) create,,
(1) lotd,,,,,,(1) relationship,,
(1) low,,,,,,(1) growth,,
(1) job,,,,,,(1) ratio,,
(1) multivariate,,,,,,(1) receede,,
(1) match,,,,,,(1) center,,
(1) disposition,,,,,,(1) route,,
(1) distract,,,,,,(1) scientific,,
(1) differnent,,,,,,(1) section,,
(1) everybody,,,,,,(1) horizon,,
(1) jerusalem,,,,,,(1) granularly,,
(1) observation,,,,,,(1) coefficients,,
(1) instance,,,,,,(1) comfortable,,
(1) parse,,,,,,(1) company,,
(1) pleasant,,,,,,(1) cleaner,,
(1) reduce,,,,,,(1) specie,,
(1) repeat,,,,,,(1) guide,,
(1) report,,,,,,(1) surroundingsfeel,,
(1) proportion,,,,,,(1) sport,,
(1) chaotic,,,,,,(1) stage,,
(1) representation,,,,,,(1) stick,,
(1) round,,,,,,(1) strange,,
(1) hole,,,,,,(1) forbe,,
(1) cohesive,,,,,,(1) brighter,,
(1) sparse,,,,,,(1) careful,,
(1) spatial,,,,,,(1) team,,
(1) harsh,,,,,,(1) tidier,,
(1) stack,,,,,,(1) tree,,
(1) star,,,,,,(1) abundance,,
(1) category,,,,,,(1) try,,
(1) summarize,,,,,,(1) water,,
(1) superposition,,,,,,(1) wavelet,,
(1) frame,,,,,,(1) assortment,,
(1) great,,,,,,,,
(1) traditional,,,,,,,,
(1) bore,,,,,,,,
(1) brand,,,,,,,,
(1) vale,,,,,,,,
(1) varation,,,,,,,,
(1) analyse,,,,,,,,
(1) apart,,,,,,,,
(1) appleale,,,,,,,,
